object_id,center_x,center_y,bbox_width,bbox_height,minr_norm,minc_norm,maxr_norm,maxc_norm,y_label
"4,54923926470461E+018",0.5653065630397236,0.43980061349693256,0.022452504317789335,0.0387269938650307,0.4204371165644172,0.554080310880829,0.4591641104294479,0.5765328151986183,
"-8,73574906797013E+018",0.4022020725388601,0.49118098159509205,0.020941278065630398,0.037193251533742366,0.47258435582822084,0.3917314335060449,0.5097776073619632,0.4126727115716753,
"7,34846670634484E+018",0.522020725388601,0.5335506134969326,0.02223661485319517,0.0391104294478527,0.5139953987730062,0.5109024179620034,0.5531058282208589,0.5331390328151986,
"5,32227686044019E+018",0.2137305699481865,0.7160659509202454,0.02180483592400692,0.03297546012269936,0.6995782208588958,0.20282815198618306,0.7325536809815951,0.22463298791018999,
"6,06632908485196E+018",0.24265975820379965,0.3556365030674847,0.026554404145077704,0.04524539877300615,0.3330138036809816,0.2293825561312608,0.37825920245398775,0.2559369602763385,
"-1,71988444738894E+018",0.49147236614853196,0.36809815950920244,0.026338514680483593,0.0410276073619632,0.34758435582822084,0.47830310880829013,0.38861196319018404,0.5046416234887737,
"-8,87015668040023E+017",0.45045336787564766,0.4568634969325153,0.02677029360967187,0.04371165644171782,0.4350076687116564,0.4370682210708117,0.47871932515337423,0.4638385146804836,
"5,45211520044074E+018",0.5678972366148531,0.4737346625766871,0.03454231433506039,0.05214723926380371,0.44766104294478526,0.550626079447323,0.49980828220858897,0.5851683937823834,
"-4,17272713975053E+018",0.4548791018998273,0.6857745398773006,0.030440414507772018,0.05674846625766872,0.6574003067484663,0.43965889464594127,0.714148773006135,0.4700993091537133,
