{"name": "71.jpg", "bboxes": [{"bboxID": 8625089420713450388, "position": {"center_x": 0.49539877300613494, "center_y": 0.3379749568221071, "width": 0.02722392638036808, "height": 0.018134715025906745}, "rendering": {"minc": 0.4817868098159509, "minr": 0.3289075993091537, "maxc": 0.509010736196319, "maxr": 0.34704231433506044}}, {"bboxID": 2193414113660917571, "position": {"center_x": 0.5423696319018405, "center_y": 0.5255829015544041, "width": 0.0260736196319018, "height": 0.015112262521588926}, "rendering": {"minc": 0.5293328220858896, "minr": 0.5180267702936097, "maxc": 0.5554064417177914, "maxr": 0.5331390328151986}}, {"bboxID": -7804576094835778086, "position": {"center_x": 0.5555981595092024, "center_y": 0.4896373056994819, "width": 0.03719325153374231, "height": 0.027849740932642475}, "rendering": {"minc": 0.5370015337423313, "minr": 0.47571243523316065, "maxc": 0.5741947852760736, "maxr": 0.5035621761658031}}, {"bboxID": 3321578292463669505, "position": {"center_x": 0.6179064417177914, "center_y": 0.5086355785837651, "width": 0.043711656441717706, "height": 0.02180483592400695}, "rendering": {"minc": 0.5960506134969326, "minr": 0.49773316062176165, "maxc": 0.6397622699386503, "maxr": 0.5195379965457686}}]}